file,energy_before_eV,energy_after_eV,natoms,relaxed_cif
struct_0001.cif,-28.487114,-28.48935,4,struct_0001_relaxed.cif
struct_0002.cif,-111.92127,-112.09351,15,struct_0002_relaxed.cif
struct_0003.cif,-42.63215,-42.68555,6,struct_0003_relaxed.cif
struct_0004.cif,-41.544533,-41.70546,6,struct_0004_relaxed.cif
struct_0005.cif,-69.632904,-69.65601,9,struct_0005_relaxed.cif
struct_0006.cif,-130.29552,-130.69424,16,struct_0006_relaxed.cif
struct_0007.cif,-41.5824,-41.718246,6,struct_0007_relaxed.cif
struct_0008.cif,-79.956795,-79.95685,10,struct_0008_relaxed.cif
struct_0009.cif,-40.294598,-40.296646,6,struct_0009_relaxed.cif
struct_0010.cif,-83.25975,-83.282684,12,struct_0010_relaxed.cif
struct_0011.cif,-42.779144,-43.601925,6,struct_0011_relaxed.cif
struct_0012.cif,-81.80128,-81.84413,11,struct_0012_relaxed.cif
struct_0013.cif,-146.25522,-146.38863,20,struct_0013_relaxed.cif
struct_0014.cif,-52.92952,-53.08372,8,struct_0014_relaxed.cif
struct_0015.cif,-139.08014,-139.15388,20,struct_0015_relaxed.cif
struct_0016.cif,-81.39019,-83.35839,12,struct_0016_relaxed.cif
struct_0017.cif,-69.609726,-69.61051,9,struct_0017_relaxed.cif
struct_0018.cif,-69.59168,-69.638,9,struct_0018_relaxed.cif
struct_0019.cif,-28.482086,-28.483685,4,struct_0019_relaxed.cif
struct_0020.cif,-93.92011,-94.145035,14,struct_0020_relaxed.cif
struct_0021.cif,-85.69326,-85.95427,12,struct_0021_relaxed.cif
struct_0022.cif,-28.228317,-28.248487,4,struct_0022_relaxed.cif
struct_0023.cif,-81.98114,-82.0037,11,struct_0023_relaxed.cif
struct_0024.cif,-104.75535,-104.768486,14,struct_0024_relaxed.cif
struct_0025.cif,-28.470901,-28.47264,4,struct_0025_relaxed.cif
struct_0026.cif,-134.13617,-135.13968,19,struct_0026_relaxed.cif
struct_0027.cif,-28.283186,-28.488323,4,struct_0027_relaxed.cif
struct_0028.cif,-79.912964,-79.991264,10,struct_0028_relaxed.cif
struct_0029.cif,-139.24623,-139.39175,18,struct_0029_relaxed.cif
struct_0030.cif,-58.759182,-58.76787,8,struct_0030_relaxed.cif
struct_0031.cif,-52.584763,-52.686195,8,struct_0031_relaxed.cif
struct_0032.cif,-41.538,-41.5885,6,struct_0032_relaxed.cif
struct_0033.cif,-28.47378,-28.474909,4,struct_0033_relaxed.cif
struct_0034.cif,-114.9384,-115.08157,15,struct_0034_relaxed.cif
struct_0035.cif,-144.94696,-145.0363,18,struct_0035_relaxed.cif
struct_0036.cif,-133.64906,-133.73236,18,struct_0036_relaxed.cif
struct_0037.cif,-162.38574,-162.69989,20,struct_0037_relaxed.cif
struct_0038.cif,-40.037277,-40.037323,5,struct_0038_relaxed.cif
struct_0039.cif,-135.48415,-135.64204,18,struct_0039_relaxed.cif
struct_0040.cif,-28.271463,-28.488264,4,struct_0040_relaxed.cif
struct_0041.cif,-122.28429,-122.47871,16,struct_0041_relaxed.cif
struct_0042.cif,-28.476336,-28.479168,4,struct_0042_relaxed.cif
struct_0043.cif,-79.95775,-79.95782,10,struct_0043_relaxed.cif
struct_0044.cif,-86.88497,-87.05505,12,struct_0044_relaxed.cif
struct_0045.cif,-158.39136,-158.45844,20,struct_0045_relaxed.cif
struct_0046.cif,-129.0161,-132.81116,16,struct_0046_relaxed.cif
struct_0047.cif,-29.65747,-29.657503,4,struct_0047_relaxed.cif
struct_0048.cif,-65.95565,-65.99187,8,struct_0048_relaxed.cif
struct_0049.cif,-167.1233,-167.76367,20,struct_0049_relaxed.cif
struct_0050.cif,-122.46981,-123.201294,16,struct_0050_relaxed.cif
struct_0051.cif,-52.198997,-52.199516,7,struct_0051_relaxed.cif
struct_0052.cif,-108.12733,-108.4068,15,struct_0052_relaxed.cif
struct_0053.cif,-120.80416,-120.89493,16,struct_0053_relaxed.cif
struct_0054.cif,-28.220806,-28.24165,4,struct_0054_relaxed.cif
struct_0055.cif,-56.801956,-56.909584,8,struct_0055_relaxed.cif
struct_0056.cif,-28.225214,-28.245403,4,struct_0056_relaxed.cif
struct_0057.cif,-79.95889,-79.95889,10,struct_0057_relaxed.cif
struct_0058.cif,-127.44569,-127.89999,18,struct_0058_relaxed.cif
struct_0059.cif,-28.463005,-28.46576,4,struct_0059_relaxed.cif
struct_0060.cif,-58.738316,-58.766457,8,struct_0060_relaxed.cif
struct_0061.cif,-109.97811,-110.938995,16,struct_0061_relaxed.cif
struct_0062.cif,-139.30992,-139.40315,18,struct_0062_relaxed.cif
struct_0063.cif,-104.079254,-104.11129,14,struct_0063_relaxed.cif
struct_0064.cif,-39.97505,-39.978603,6,struct_0064_relaxed.cif
struct_0065.cif,-104.602486,-104.625465,14,struct_0065_relaxed.cif
struct_0066.cif,-90.70566,-90.75254,12,struct_0066_relaxed.cif
struct_0067.cif,-92.27017,-92.27629,12,struct_0067_relaxed.cif
struct_0068.cif,-79.99116,-80.00199,10,struct_0068_relaxed.cif
struct_0069.cif,-26.042053,-26.042053,3,struct_0069_relaxed.cif
struct_0070.cif,-40.029625,-40.03374,5,struct_0070_relaxed.cif
struct_0071.cif,-103.56761,-103.579735,14,struct_0071_relaxed.cif
struct_0072.cif,-79.94134,-80.06308,10,struct_0072_relaxed.cif
struct_0073.cif,-99.76339,-100.09579,14,struct_0073_relaxed.cif
struct_0074.cif,-28.252966,-28.486755,4,struct_0074_relaxed.cif
struct_0075.cif,-38.31558,-38.465145,6,struct_0075_relaxed.cif
struct_0076.cif,-130.84296,-130.96849,16,struct_0076_relaxed.cif
struct_0077.cif,-29.676914,-29.67702,4,struct_0077_relaxed.cif
struct_0078.cif,-120.36894,-120.52428,16,struct_0078_relaxed.cif
struct_0079.cif,-28.2848,-28.491741,4,struct_0079_relaxed.cif
struct_0080.cif,-122.8354,-122.88469,16,struct_0080_relaxed.cif
struct_0081.cif,-100.25319,-100.79619,14,struct_0081_relaxed.cif
struct_0082.cif,-58.344547,-58.454384,8,struct_0082_relaxed.cif
struct_0083.cif,-41.80842,-41.851524,6,struct_0083_relaxed.cif
struct_0084.cif,-41.802914,-41.840282,6,struct_0084_relaxed.cif
struct_0085.cif,-90.680984,-90.73166,12,struct_0085_relaxed.cif
struct_0086.cif,-91.56219,-91.5794,12,struct_0086_relaxed.cif
struct_0087.cif,-28.482233,-28.483597,4,struct_0087_relaxed.cif
struct_0088.cif,-103.40974,-103.452675,14,struct_0088_relaxed.cif
struct_0089.cif,-87.94529,-88.19375,12,struct_0089_relaxed.cif
struct_0090.cif,-53.486732,-53.506676,8,struct_0090_relaxed.cif
struct_0091.cif,-40.03594,-40.03696,5,struct_0091_relaxed.cif
struct_0092.cif,-122.07526,-122.17777,16,struct_0092_relaxed.cif
struct_0093.cif,-103.58723,-103.59622,14,struct_0093_relaxed.cif
struct_0094.cif,-28.477928,-28.478794,4,struct_0094_relaxed.cif
struct_0095.cif,-17.394407,-17.394491,3,struct_0095_relaxed.cif
struct_0096.cif,-42.94279,-43.659485,6,struct_0096_relaxed.cif
struct_0097.cif,-52.92494,-52.925457,8,struct_0097_relaxed.cif
struct_0098.cif,-90.309944,-90.34969,12,struct_0098_relaxed.cif
struct_0099.cif,-138.64885,-138.73758,20,struct_0099_relaxed.cif
struct_0100.cif,-28.455479,-28.45593,4,struct_0100_relaxed.cif
struct_0101.cif,-70.26222,-70.89815,9,struct_0101_relaxed.cif
struct_0102.cif,-92.2777,-92.283356,12,struct_0102_relaxed.cif
struct_0103.cif,-117.02321,-117.24873,15,struct_0103_relaxed.cif
struct_0104.cif,-81.85942,-81.89948,11,struct_0104_relaxed.cif
struct_0105.cif,-79.91895,-79.92035,10,struct_0105_relaxed.cif
struct_0106.cif,-31.296467,-31.326326,5,struct_0106_relaxed.cif
struct_0107.cif,-40.03291,-40.034145,5,struct_0107_relaxed.cif
struct_0108.cif,-28.20454,-28.226023,4,struct_0108_relaxed.cif
struct_0109.cif,-79.957794,-79.95782,10,struct_0109_relaxed.cif
struct_0110.cif,-79.90577,-79.91298,10,struct_0110_relaxed.cif
struct_0111.cif,-157.79764,-157.90045,20,struct_0111_relaxed.cif
struct_0112.cif,-145.57355,-145.68478,18,struct_0112_relaxed.cif
struct_0113.cif,-79.997635,-80.012886,10,struct_0113_relaxed.cif
struct_0114.cif,-52.199814,-52.2,7,struct_0114_relaxed.cif
struct_0115.cif,-92.270226,-92.277145,12,struct_0115_relaxed.cif
struct_0116.cif,-92.26159,-92.268654,12,struct_0116_relaxed.cif
struct_0117.cif,-144.98122,-145.11139,18,struct_0117_relaxed.cif
struct_0118.cif,-28.470129,-28.47042,4,struct_0118_relaxed.cif
struct_0119.cif,-105.38851,-105.98436,16,struct_0119_relaxed.cif
struct_0120.cif,-39.9989,-40.00412,5,struct_0120_relaxed.cif
struct_0121.cif,-52.201183,-52.201614,7,struct_0121_relaxed.cif
struct_0122.cif,-80.32721,-80.46697,12,struct_0122_relaxed.cif
struct_0123.cif,-78.87115,-78.8984,10,struct_0123_relaxed.cif
struct_0124.cif,-91.57022,-91.603195,12,struct_0124_relaxed.cif
struct_0125.cif,-40.03376,-40.034653,5,struct_0125_relaxed.cif
struct_0126.cif,-17.395237,-17.39579,3,struct_0126_relaxed.cif
struct_0127.cif,-28.245619,-28.485926,4,struct_0127_relaxed.cif
struct_0128.cif,-57.566605,-57.649178,8,struct_0128_relaxed.cif
struct_0129.cif,-69.03757,-69.13185,9,struct_0129_relaxed.cif
struct_0130.cif,-113.95486,-114.11027,16,struct_0130_relaxed.cif
struct_0131.cif,-81.166275,-81.21566,11,struct_0131_relaxed.cif
struct_0132.cif,-81.99313,-82.015305,11,struct_0132_relaxed.cif
struct_0133.cif,-29.663597,-29.66363,4,struct_0133_relaxed.cif
struct_0134.cif,-58.749607,-58.753723,8,struct_0134_relaxed.cif
struct_0135.cif,-122.72492,-122.916565,16,struct_0135_relaxed.cif
struct_0136.cif,-85.69714,-85.988335,12,struct_0136_relaxed.cif
struct_0137.cif,-80.027,-80.035324,10,struct_0137_relaxed.cif
struct_0138.cif,-114.102554,-114.18038,16,struct_0138_relaxed.cif
struct_0139.cif,-28.45222,-28.452387,4,struct_0139_relaxed.cif
struct_0140.cif,-17.953266,-17.953323,3,struct_0140_relaxed.cif
struct_0141.cif,-52.605865,-52.76961,8,struct_0141_relaxed.cif
struct_0142.cif,-52.2003,-52.20083,7,struct_0142_relaxed.cif
struct_0143.cif,-40.03649,-40.037327,5,struct_0143_relaxed.cif
struct_0144.cif,-90.62827,-90.64018,12,struct_0144_relaxed.cif
struct_0145.cif,-28.489826,-28.494473,4,struct_0145_relaxed.cif
struct_0146.cif,-66.677505,-66.68708,8,struct_0146_relaxed.cif
struct_0147.cif,-128.56625,-128.59772,18,struct_0147_relaxed.cif
struct_0148.cif,-133.12042,-133.16835,16,struct_0148_relaxed.cif
struct_0149.cif,-43.688004,-43.767067,6,struct_0149_relaxed.cif
struct_0150.cif,-80.82159,-81.317024,12,struct_0150_relaxed.cif
struct_0151.cif,-69.20607,-69.2292,9,struct_0151_relaxed.cif
struct_0152.cif,-79.93141,-79.9507,10,struct_0152_relaxed.cif
struct_0153.cif,-58.840706,-58.908928,8,struct_0153_relaxed.cif
struct_0154.cif,-92.27938,-92.28643,12,struct_0154_relaxed.cif
struct_0155.cif,-43.663624,-43.752506,6,struct_0155_relaxed.cif
struct_0156.cif,-28.065891,-28.067268,4,struct_0156_relaxed.cif
struct_0157.cif,-28.710117,-28.993668,4,struct_0157_relaxed.cif
struct_0158.cif,-69.210175,-69.23357,9,struct_0158_relaxed.cif
struct_0159.cif,-93.42326,-93.46472,11,struct_0159_relaxed.cif
struct_0160.cif,-52.20073,-52.20116,7,struct_0160_relaxed.cif
struct_0161.cif,-81.86486,-81.92815,11,struct_0161_relaxed.cif
struct_0162.cif,-130.79852,-130.96289,16,struct_0162_relaxed.cif
struct_0163.cif,-138.68004,-138.7505,20,struct_0163_relaxed.cif
struct_0164.cif,-79.92881,-79.95461,10,struct_0164_relaxed.cif
struct_0165.cif,-92.26338,-92.27134,12,struct_0165_relaxed.cif
struct_0166.cif,-26.456617,-26.45929,3,struct_0166_relaxed.cif
struct_0167.cif,-80.01731,-80.032364,10,struct_0167_relaxed.cif
struct_0168.cif,-40.035812,-40.037567,5,struct_0168_relaxed.cif
struct_0169.cif,-40.036537,-40.03698,5,struct_0169_relaxed.cif
struct_0170.cif,-52.19747,-52.197964,7,struct_0170_relaxed.cif
struct_0171.cif,-79.97665,-79.98351,10,struct_0171_relaxed.cif
struct_0172.cif,-32.691147,-32.74833,6,struct_0172_relaxed.cif
struct_0173.cif,-41.809715,-41.874756,6,struct_0173_relaxed.cif
struct_0174.cif,-29.671057,-29.671057,4,struct_0174_relaxed.cif
struct_0175.cif,-63.533997,-63.53755,9,struct_0175_relaxed.cif
struct_0176.cif,-91.571396,-91.57783,12,struct_0176_relaxed.cif
struct_0177.cif,-28.462946,-28.464806,4,struct_0177_relaxed.cif
struct_0178.cif,-83.90065,-83.96553,12,struct_0178_relaxed.cif
struct_0179.cif,-92.25736,-92.26394,12,struct_0179_relaxed.cif
struct_0180.cif,-139.3941,-139.41924,18,struct_0180_relaxed.cif
struct_0181.cif,-72.193794,-72.542854,11,struct_0181_relaxed.cif
struct_0182.cif,-64.65776,-64.89211,10,struct_0182_relaxed.cif
struct_0183.cif,-88.66171,-88.7447,12,struct_0183_relaxed.cif
struct_0184.cif,-80.03597,-80.04247,10,struct_0184_relaxed.cif
struct_0185.cif,-40.029243,-40.030056,5,struct_0185_relaxed.cif
struct_0186.cif,-91.57259,-91.60919,12,struct_0186_relaxed.cif
struct_0187.cif,-53.906284,-54.039986,8,struct_0187_relaxed.cif
struct_0188.cif,-56.595642,-56.621796,7,struct_0188_relaxed.cif
struct_0189.cif,-155.85262,-156.1407,20,struct_0189_relaxed.cif
struct_0190.cif,-42.81145,-42.875534,6,struct_0190_relaxed.cif
struct_0191.cif,-28.481323,-28.482418,4,struct_0191_relaxed.cif
struct_0192.cif,-52.198566,-52.19899,7,struct_0192_relaxed.cif
struct_0193.cif,-68.54772,-68.58613,9,struct_0193_relaxed.cif
struct_0194.cif,-79.8906,-79.9087,10,struct_0194_relaxed.cif
struct_0195.cif,-91.553856,-91.56016,12,struct_0195_relaxed.cif
struct_0196.cif,-53.465557,-53.51365,8,struct_0196_relaxed.cif
struct_0197.cif,-80.03045,-80.03741,10,struct_0197_relaxed.cif
struct_0198.cif,-40.014503,-40.01822,5,struct_0198_relaxed.cif
struct_0199.cif,-92.259995,-92.26484,12,struct_0199_relaxed.cif
struct_0200.cif,-28.471195,-28.472769,4,struct_0200_relaxed.cif
struct_0201.cif,-54.87919,-54.93381,8,struct_0201_relaxed.cif
struct_0202.cif,-40.031197,-40.036087,5,struct_0202_relaxed.cif
struct_0203.cif,-28.47183,-28.471954,4,struct_0203_relaxed.cif
struct_0204.cif,-113.872185,-114.20338,16,struct_0204_relaxed.cif
struct_0205.cif,-121.90011,-121.95699,16,struct_0205_relaxed.cif
struct_0206.cif,-43.712975,-43.868645,6,struct_0206_relaxed.cif
struct_0207.cif,-17.998028,-18.029806,3,struct_0207_relaxed.cif
struct_0208.cif,-28.467865,-28.467907,4,struct_0208_relaxed.cif
struct_0209.cif,-23.659157,-23.676287,4,struct_0209_relaxed.cif
struct_0210.cif,-70.33618,-70.96774,9,struct_0210_relaxed.cif
struct_0211.cif,-28.477734,-28.482224,4,struct_0211_relaxed.cif
struct_0212.cif,-80.02513,-80.032036,10,struct_0212_relaxed.cif
struct_0213.cif,-42.94519,-43.051723,6,struct_0213_relaxed.cif
struct_0214.cif,-26.042654,-26.042686,3,struct_0214_relaxed.cif
struct_0215.cif,-60.7576,-61.38822,12,struct_0215_relaxed.cif
struct_0216.cif,-57.958637,-58.06343,8,struct_0216_relaxed.cif
struct_0217.cif,-45.150635,-45.22861,8,struct_0217_relaxed.cif
struct_0218.cif,-28.223145,-28.242092,4,struct_0218_relaxed.cif
struct_0219.cif,-113.95527,-114.0757,14,struct_0219_relaxed.cif
struct_0220.cif,-91.55694,-91.56201,12,struct_0220_relaxed.cif
struct_0221.cif,-28.480902,-28.481783,4,struct_0221_relaxed.cif
struct_0222.cif,-79.94714,-79.947174,10,struct_0222_relaxed.cif
struct_0223.cif,-59.097332,-59.255043,12,struct_0223_relaxed.cif
struct_0224.cif,-80.00755,-80.018974,10,struct_0224_relaxed.cif
struct_0225.cif,-27.843445,-27.86258,4,struct_0225_relaxed.cif
struct_0226.cif,-29.645882,-29.645998,4,struct_0226_relaxed.cif
struct_0227.cif,-29.34758,-29.34758,4,struct_0227_relaxed.cif
struct_0228.cif,-89.05006,-89.29265,15,struct_0228_relaxed.cif
struct_0229.cif,-109.902115,-110.01148,15,struct_0229_relaxed.cif
struct_0230.cif,-96.36227,-96.46268,12,struct_0230_relaxed.cif
struct_0231.cif,-109.77423,-109.86643,14,struct_0231_relaxed.cif
struct_0232.cif,-103.55683,-103.57865,14,struct_0232_relaxed.cif
struct_0233.cif,-87.53839,-87.727455,12,struct_0233_relaxed.cif
struct_0234.cif,-146.69048,-146.73499,18,struct_0234_relaxed.cif
struct_0235.cif,-120.040695,-120.057625,15,struct_0235_relaxed.cif
struct_0236.cif,-80.0659,-80.067314,10,struct_0236_relaxed.cif
struct_0237.cif,-43.704407,-43.760742,6,struct_0237_relaxed.cif
struct_0238.cif,-150.09753,-150.14351,19,struct_0238_relaxed.cif
struct_0239.cif,-52.677322,-52.748135,8,struct_0239_relaxed.cif
struct_0240.cif,-82.88311,-82.98465,12,struct_0240_relaxed.cif
struct_0241.cif,-56.802032,-56.892258,8,struct_0241_relaxed.cif
struct_0242.cif,-38.200195,-38.311703,6,struct_0242_relaxed.cif
struct_0243.cif,-92.253105,-92.26432,12,struct_0243_relaxed.cif
struct_0244.cif,-104.74891,-104.760826,14,struct_0244_relaxed.cif
struct_0245.cif,-80.06507,-80.06845,10,struct_0245_relaxed.cif
struct_0246.cif,-40.035656,-40.037174,5,struct_0246_relaxed.cif
struct_0247.cif,-120.095215,-120.103966,15,struct_0247_relaxed.cif
struct_0248.cif,-28.481342,-28.482155,4,struct_0248_relaxed.cif
struct_0249.cif,-33.44938,-33.626793,6,struct_0249_relaxed.cif
struct_0250.cif,-81.62344,-82.32734,12,struct_0250_relaxed.cif
struct_0251.cif,-63.53617,-63.53806,9,struct_0251_relaxed.cif
struct_0252.cif,-28.469215,-28.475224,4,struct_0252_relaxed.cif
struct_0253.cif,-55.323986,-56.319477,8,struct_0253_relaxed.cif
struct_0254.cif,-43.70595,-43.85891,6,struct_0254_relaxed.cif
struct_0255.cif,-162.40527,-162.64612,20,struct_0255_relaxed.cif
struct_0256.cif,-81.780396,-82.01716,12,struct_0256_relaxed.cif
struct_0257.cif,-93.93097,-94.25187,14,struct_0257_relaxed.cif
struct_0258.cif,-53.492786,-53.54382,8,struct_0258_relaxed.cif
struct_0259.cif,-81.86562,-81.92787,11,struct_0259_relaxed.cif
struct_0260.cif,-79.902245,-79.94198,10,struct_0260_relaxed.cif
struct_0261.cif,-81.9899,-82.00465,11,struct_0261_relaxed.cif
struct_0262.cif,-52.20086,-52.20162,7,struct_0262_relaxed.cif
struct_0263.cif,-66.758835,-66.78529,8,struct_0263_relaxed.cif
struct_0264.cif,-92.2747,-92.28132,12,struct_0264_relaxed.cif
struct_0265.cif,-39.979122,-39.979122,5,struct_0265_relaxed.cif
struct_0266.cif,-52.200935,-52.20116,7,struct_0266_relaxed.cif
struct_0267.cif,-43.54638,-43.709785,6,struct_0267_relaxed.cif
struct_0268.cif,-110.053856,-110.06815,14,struct_0268_relaxed.cif
struct_0269.cif,-79.86578,-79.87455,10,struct_0269_relaxed.cif
struct_0270.cif,-109.4229,-109.74158,15,struct_0270_relaxed.cif
struct_0271.cif,-79.145615,-81.22066,12,struct_0271_relaxed.cif
struct_0272.cif,-92.28007,-92.28362,12,struct_0272_relaxed.cif
struct_0273.cif,-160.06664,-160.09308,20,struct_0273_relaxed.cif
struct_0274.cif,-92.257355,-92.26207,12,struct_0274_relaxed.cif
struct_0275.cif,-81.97951,-82.00641,11,struct_0275_relaxed.cif
struct_0276.cif,-40.03335,-40.034405,5,struct_0276_relaxed.cif
struct_0277.cif,-40.034492,-40.034737,5,struct_0277_relaxed.cif
struct_0278.cif,-52.292652,-52.404655,8,struct_0278_relaxed.cif
struct_0279.cif,-41.80997,-41.85016,6,struct_0279_relaxed.cif
struct_0280.cif,-53.47961,-53.502754,8,struct_0280_relaxed.cif
struct_0281.cif,-149.96048,-150.03436,19,struct_0281_relaxed.cif
struct_0282.cif,-42.56345,-42.938805,6,struct_0282_relaxed.cif
struct_0283.cif,-57.39536,-57.406742,8,struct_0283_relaxed.cif
struct_0284.cif,-27.830719,-27.858543,4,struct_0284_relaxed.cif
struct_0285.cif,-92.27864,-92.28377,12,struct_0285_relaxed.cif
struct_0286.cif,-80.00421,-80.017685,10,struct_0286_relaxed.cif
struct_0287.cif,-26.4402,-26.502659,4,struct_0287_relaxed.cif
struct_0288.cif,-98.53011,-98.5629,14,struct_0288_relaxed.cif
struct_0289.cif,-17.397053,-17.397108,3,struct_0289_relaxed.cif
struct_0290.cif,-78.96348,-79.00718,10,struct_0290_relaxed.cif
struct_0291.cif,-128.6595,-128.72536,17,struct_0291_relaxed.cif
struct_0292.cif,-80.007095,-80.01352,10,struct_0292_relaxed.cif
struct_0293.cif,-70.67505,-73.38441,11,struct_0293_relaxed.cif
struct_0294.cif,-81.99499,-82.01631,11,struct_0294_relaxed.cif
struct_0295.cif,-63.5347,-63.53811,9,struct_0295_relaxed.cif
struct_0296.cif,-40.03283,-40.034046,5,struct_0296_relaxed.cif
struct_0297.cif,-133.49295,-133.60233,18,struct_0297_relaxed.cif
struct_0298.cif,-28.471018,-28.471237,4,struct_0298_relaxed.cif
struct_0299.cif,-58.819725,-58.90374,8,struct_0299_relaxed.cif
struct_0300.cif,-44.401127,-44.610176,8,struct_0300_relaxed.cif
struct_0301.cif,-83.05168,-83.06991,11,struct_0301_relaxed.cif
struct_0302.cif,-158.56985,-159.04333,20,struct_0302_relaxed.cif
struct_0303.cif,-79.53708,-82.94145,11,struct_0303_relaxed.cif
struct_0304.cif,-78.92518,-78.92773,10,struct_0304_relaxed.cif
struct_0305.cif,-92.25931,-92.26921,12,struct_0305_relaxed.cif
struct_0306.cif,-52.19567,-52.196114,7,struct_0306_relaxed.cif
struct_0307.cif,-82.59657,-82.60273,11,struct_0307_relaxed.cif
struct_0308.cif,-28.482368,-28.482866,4,struct_0308_relaxed.cif
struct_0309.cif,-78.93537,-78.9356,10,struct_0309_relaxed.cif
struct_0310.cif,-42.76303,-43.595417,6,struct_0310_relaxed.cif
struct_0311.cif,-66.4206,-66.43526,8,struct_0311_relaxed.cif
struct_0312.cif,-59.370342,-59.37048,8,struct_0312_relaxed.cif
struct_0313.cif,-81.53546,-81.679726,12,struct_0313_relaxed.cif
struct_0314.cif,-41.808567,-41.843758,6,struct_0314_relaxed.cif
struct_0315.cif,-80.01148,-80.024185,10,struct_0315_relaxed.cif
struct_0316.cif,-92.28139,-92.28469,12,struct_0316_relaxed.cif
struct_0317.cif,-103.238045,-103.245995,12,struct_0317_relaxed.cif
struct_0318.cif,-69.74768,-69.83981,9,struct_0318_relaxed.cif
struct_0319.cif,-135.5958,-135.67897,18,struct_0319_relaxed.cif
struct_0320.cif,-28.463371,-28.46482,4,struct_0320_relaxed.cif
struct_0321.cif,-92.26744,-92.27477,12,struct_0321_relaxed.cif
struct_0322.cif,-80.03291,-80.04018,10,struct_0322_relaxed.cif
struct_0323.cif,-96.643074,-96.673256,12,struct_0323_relaxed.cif
struct_0324.cif,-28.453468,-28.456133,4,struct_0324_relaxed.cif
struct_0325.cif,-79.99871,-80.00852,10,struct_0325_relaxed.cif
struct_0326.cif,-118.84904,-118.94164,15,struct_0326_relaxed.cif
struct_0327.cif,-29.68047,-29.680555,4,struct_0327_relaxed.cif
struct_0328.cif,-28.482765,-28.483212,4,struct_0328_relaxed.cif
struct_0329.cif,-28.221903,-28.240353,4,struct_0329_relaxed.cif
struct_0330.cif,-121.547386,-121.689606,16,struct_0330_relaxed.cif
struct_0331.cif,-40.03623,-40.037346,5,struct_0331_relaxed.cif
struct_0332.cif,-58.70987,-58.759342,8,struct_0332_relaxed.cif
struct_0333.cif,-80.07127,-80.074814,10,struct_0333_relaxed.cif
struct_0334.cif,-54.47948,-54.555954,8,struct_0334_relaxed.cif
struct_0335.cif,-80.028305,-80.03636,10,struct_0335_relaxed.cif
struct_0336.cif,-123.65953,-123.745865,16,struct_0336_relaxed.cif
struct_0337.cif,-79.67963,-79.690056,10,struct_0337_relaxed.cif
struct_0338.cif,-19.20031,-19.283745,4,struct_0338_relaxed.cif
struct_0339.cif,-92.25699,-92.264145,12,struct_0339_relaxed.cif
struct_0340.cif,-91.570786,-91.591675,12,struct_0340_relaxed.cif
struct_0341.cif,-29.672932,-29.673256,4,struct_0341_relaxed.cif
struct_0342.cif,-52.19816,-52.198643,7,struct_0342_relaxed.cif
struct_0343.cif,-96.62894,-96.68296,12,struct_0343_relaxed.cif
struct_0344.cif,-70.17178,-70.382576,10,struct_0344_relaxed.cif
struct_0345.cif,-52.1994,-52.19984,7,struct_0345_relaxed.cif
struct_0346.cif,-41.80674,-41.862556,6,struct_0346_relaxed.cif
struct_0347.cif,-92.269646,-92.27691,12,struct_0347_relaxed.cif
struct_0348.cif,-78.24183,-78.27231,10,struct_0348_relaxed.cif
struct_0349.cif,-92.265656,-92.274445,12,struct_0349_relaxed.cif
struct_0350.cif,-133.96622,-135.07927,18,struct_0350_relaxed.cif
struct_0351.cif,-11.838216,-11.838216,2,struct_0351_relaxed.cif
struct_0352.cif,-57.37752,-57.387806,8,struct_0352_relaxed.cif
struct_0353.cif,-68.948586,-68.95718,9,struct_0353_relaxed.cif
struct_0354.cif,-28.488865,-28.490767,4,struct_0354_relaxed.cif
struct_0355.cif,-28.46965,-28.4731,4,struct_0355_relaxed.cif
struct_0356.cif,-80.0157,-80.0267,10,struct_0356_relaxed.cif
struct_0357.cif,-100.90507,-101.359344,12,struct_0357_relaxed.cif
struct_0358.cif,-79.731735,-79.76167,10,struct_0358_relaxed.cif
struct_0359.cif,-92.26779,-92.27767,12,struct_0359_relaxed.cif
struct_0360.cif,-28.46652,-28.468218,4,struct_0360_relaxed.cif
struct_0361.cif,-144.07376,-144.32117,18,struct_0361_relaxed.cif
struct_0362.cif,-27.86649,-27.887024,4,struct_0362_relaxed.cif
struct_0363.cif,-40.037693,-40.03862,5,struct_0363_relaxed.cif
struct_0364.cif,-96.83867,-96.95553,12,struct_0364_relaxed.cif
struct_0365.cif,-40.031326,-40.033463,5,struct_0365_relaxed.cif
struct_0366.cif,-28.268585,-28.48852,4,struct_0366_relaxed.cif
struct_0367.cif,-40.03095,-40.034454,5,struct_0367_relaxed.cif
struct_0368.cif,-54.885597,-54.935726,8,struct_0368_relaxed.cif
struct_0369.cif,-52.198196,-52.199524,7,struct_0369_relaxed.cif
struct_0370.cif,-79.80767,-79.824135,10,struct_0370_relaxed.cif
struct_0371.cif,-39.739136,-39.957653,6,struct_0371_relaxed.cif
struct_0372.cif,-151.1846,-151.3409,20,struct_0372_relaxed.cif
struct_0373.cif,-79.93569,-80.072556,10,struct_0373_relaxed.cif
struct_0374.cif,-70.57047,-71.057686,12,struct_0374_relaxed.cif
struct_0375.cif,-92.28263,-92.286156,12,struct_0375_relaxed.cif
struct_0376.cif,-28.480215,-28.482655,4,struct_0376_relaxed.cif
struct_0377.cif,-92.27283,-92.2785,12,struct_0377_relaxed.cif
struct_0378.cif,-52.693504,-52.7557,8,struct_0378_relaxed.cif
struct_0379.cif,-133.20862,-133.28052,16,struct_0379_relaxed.cif
struct_0380.cif,-15.447231,-15.44732,3,struct_0380_relaxed.cif
struct_0381.cif,-28.460665,-28.463196,4,struct_0381_relaxed.cif
struct_0382.cif,-103.481285,-103.51759,14,struct_0382_relaxed.cif
struct_0383.cif,-97.328926,-97.688385,16,struct_0383_relaxed.cif
struct_0384.cif,-129.3288,-131.01613,18,struct_0384_relaxed.cif
struct_0385.cif,-28.4716,-28.47247,4,struct_0385_relaxed.cif
struct_0386.cif,-52.578854,-52.711754,8,struct_0386_relaxed.cif
struct_0387.cif,-40.03132,-40.03255,5,struct_0387_relaxed.cif
struct_0388.cif,-111.54489,-111.55254,13,struct_0388_relaxed.cif
struct_0389.cif,-28.47618,-28.476185,4,struct_0389_relaxed.cif
struct_0390.cif,-58.906837,-58.96383,8,struct_0390_relaxed.cif
struct_0391.cif,-28.475391,-28.475782,4,struct_0391_relaxed.cif
struct_0392.cif,-80.015945,-80.03309,10,struct_0392_relaxed.cif
struct_0393.cif,-78.574776,-78.65695,10,struct_0393_relaxed.cif
struct_0394.cif,-58.976006,-58.98609,8,struct_0394_relaxed.cif
struct_0395.cif,-29.655464,-29.655563,4,struct_0395_relaxed.cif
struct_0396.cif,-80.01696,-80.03016,10,struct_0396_relaxed.cif
struct_0397.cif,-27.832031,-27.851126,4,struct_0397_relaxed.cif
struct_0398.cif,-52.60884,-52.969193,8,struct_0398_relaxed.cif
struct_0399.cif,-80.069695,-80.076416,10,struct_0399_relaxed.cif
struct_0400.cif,-58.32785,-58.460655,8,struct_0400_relaxed.cif
struct_0401.cif,-122.089645,-122.15663,16,struct_0401_relaxed.cif
struct_0402.cif,-58.307125,-58.468758,8,struct_0402_relaxed.cif
struct_0403.cif,-81.991585,-82.01643,11,struct_0403_relaxed.cif
struct_0404.cif,-127.047714,-127.12841,18,struct_0404_relaxed.cif
struct_0405.cif,-89.047516,-89.39888,15,struct_0405_relaxed.cif
struct_0406.cif,-56.41603,-56.484177,8,struct_0406_relaxed.cif
struct_0407.cif,-96.76947,-96.828316,12,struct_0407_relaxed.cif
struct_0408.cif,-28.26786,-28.486538,4,struct_0408_relaxed.cif
struct_0409.cif,-149.47348,-149.73218,20,struct_0409_relaxed.cif
struct_0410.cif,-92.26616,-92.274765,12,struct_0410_relaxed.cif
struct_0411.cif,-28.72545,-28.726692,4,struct_0411_relaxed.cif
struct_0412.cif,-92.27289,-92.27845,12,struct_0412_relaxed.cif
struct_0413.cif,-56.573723,-56.67661,8,struct_0413_relaxed.cif
struct_0414.cif,-63.536484,-63.538345,9,struct_0414_relaxed.cif
struct_0415.cif,-134.83504,-134.92674,18,struct_0415_relaxed.cif
struct_0416.cif,-34.33548,-34.345657,6,struct_0416_relaxed.cif
struct_0417.cif,-58.513367,-58.53323,8,struct_0417_relaxed.cif
struct_0418.cif,-54.89827,-56.23885,8,struct_0418_relaxed.cif
struct_0419.cif,-39.891476,-39.926983,6,struct_0419_relaxed.cif
struct_0420.cif,-158.81439,-158.83641,20,struct_0420_relaxed.cif
struct_0421.cif,-107.53655,-107.57273,15,struct_0421_relaxed.cif
struct_0422.cif,-79.9513,-79.9513,10,struct_0422_relaxed.cif
struct_0423.cif,-52.927822,-52.92848,8,struct_0423_relaxed.cif
struct_0424.cif,-41.80281,-41.84188,6,struct_0424_relaxed.cif
struct_0425.cif,-41.812344,-41.8531,6,struct_0425_relaxed.cif
struct_0426.cif,-69.18838,-69.22184,9,struct_0426_relaxed.cif
struct_0427.cif,-92.41985,-92.44975,13,struct_0427_relaxed.cif
struct_0428.cif,-41.80696,-41.847176,6,struct_0428_relaxed.cif
struct_0429.cif,-158.06587,-158.22316,20,struct_0429_relaxed.cif
struct_0430.cif,-28.593992,-28.601034,4,struct_0430_relaxed.cif
struct_0431.cif,-53.07846,-53.088593,8,struct_0431_relaxed.cif
struct_0432.cif,-27.870472,-27.893215,4,struct_0432_relaxed.cif
struct_0433.cif,-66.506905,-66.534386,10,struct_0433_relaxed.cif
struct_0434.cif,-96.6683,-96.709,12,struct_0434_relaxed.cif
struct_0435.cif,-80.021,-80.035805,10,struct_0435_relaxed.cif
struct_0436.cif,-28.20978,-28.235546,4,struct_0436_relaxed.cif
struct_0437.cif,-105.30692,-105.51792,16,struct_0437_relaxed.cif
struct_0438.cif,-29.667084,-29.66711,4,struct_0438_relaxed.cif
struct_0439.cif,-28.47512,-28.477135,4,struct_0439_relaxed.cif
struct_0440.cif,-78.852776,-78.88054,10,struct_0440_relaxed.cif
struct_0441.cif,-79.92735,-79.95815,10,struct_0441_relaxed.cif
struct_0442.cif,-40.03484,-40.038677,5,struct_0442_relaxed.cif
struct_0443.cif,-17.396027,-17.39663,3,struct_0443_relaxed.cif
struct_0444.cif,-118.0188,-118.17945,16,struct_0444_relaxed.cif
struct_0445.cif,-93.64833,-93.67877,11,struct_0445_relaxed.cif
struct_0446.cif,-42.62966,-42.688942,6,struct_0446_relaxed.cif
struct_0447.cif,-25.71442,-25.748032,4,struct_0447_relaxed.cif
struct_0448.cif,-80.02686,-80.03466,10,struct_0448_relaxed.cif
struct_0449.cif,-41.806683,-41.84358,6,struct_0449_relaxed.cif
struct_0450.cif,-80.02292,-80.037766,10,struct_0450_relaxed.cif
struct_0451.cif,-91.72946,-91.77283,12,struct_0451_relaxed.cif
struct_0452.cif,-40.03473,-40.035347,5,struct_0452_relaxed.cif
struct_0453.cif,-28.474358,-28.47614,4,struct_0453_relaxed.cif
struct_0454.cif,-122.09324,-122.17149,16,struct_0454_relaxed.cif
struct_0455.cif,-107.78812,-107.86943,14,struct_0455_relaxed.cif
struct_0456.cif,-52.19077,-52.191998,7,struct_0456_relaxed.cif
struct_0457.cif,-52.20137,-52.201523,7,struct_0457_relaxed.cif
struct_0458.cif,-28.221115,-28.241566,4,struct_0458_relaxed.cif
struct_0459.cif,-17.366962,-17.366997,3,struct_0459_relaxed.cif
struct_0460.cif,-28.479036,-28.482407,4,struct_0460_relaxed.cif
struct_0461.cif,-58.32932,-58.401684,9,struct_0461_relaxed.cif
struct_0462.cif,-81.97845,-81.9998,11,struct_0462_relaxed.cif
struct_0463.cif,-27.852108,-27.875134,4,struct_0463_relaxed.cif
struct_0464.cif,-103.23508,-103.24329,12,struct_0464_relaxed.cif
struct_0465.cif,-41.589245,-41.72613,6,struct_0465_relaxed.cif
struct_0466.cif,-79.91594,-79.923546,10,struct_0466_relaxed.cif
struct_0467.cif,-135.16252,-135.41707,20,struct_0467_relaxed.cif
struct_0468.cif,-41.816578,-41.852333,6,struct_0468_relaxed.cif
struct_0469.cif,-57.068787,-57.12895,7,struct_0469_relaxed.cif
struct_0470.cif,-114.98465,-115.07375,15,struct_0470_relaxed.cif
struct_0471.cif,-79.944,-79.94407,10,struct_0471_relaxed.cif
struct_0472.cif,-119.34741,-119.44521,16,struct_0472_relaxed.cif
struct_0473.cif,-80.03662,-80.043564,10,struct_0473_relaxed.cif
struct_0474.cif,-147.63205,-147.82683,20,struct_0474_relaxed.cif
struct_0475.cif,-28.464096,-28.46553,4,struct_0475_relaxed.cif
struct_0476.cif,-35.324753,-35.37917,5,struct_0476_relaxed.cif
struct_0477.cif,-28.23412,-28.249735,4,struct_0477_relaxed.cif
struct_0478.cif,-92.278625,-92.284904,12,struct_0478_relaxed.cif
struct_0479.cif,-76.35175,-76.378624,12,struct_0479_relaxed.cif
struct_0480.cif,-79.91135,-79.91913,10,struct_0480_relaxed.cif
struct_0481.cif,-122.78479,-122.844475,16,struct_0481_relaxed.cif
struct_0482.cif,-94.13183,-94.29935,12,struct_0482_relaxed.cif
struct_0483.cif,-121.97126,-122.01075,16,struct_0483_relaxed.cif
struct_0484.cif,-56.821896,-56.899918,8,struct_0484_relaxed.cif
struct_0485.cif,-20.849003,-20.91315,4,struct_0485_relaxed.cif
struct_0486.cif,-28.280033,-28.488747,4,struct_0486_relaxed.cif
struct_0487.cif,-40.034565,-40.03511,5,struct_0487_relaxed.cif
struct_0488.cif,-118.75333,-126.18203,16,struct_0488_relaxed.cif
struct_0489.cif,-67.08613,-67.11781,10,struct_0489_relaxed.cif
struct_0490.cif,-82.285904,-83.15348,11,struct_0490_relaxed.cif
struct_0491.cif,-144.94386,-145.02954,18,struct_0491_relaxed.cif
struct_0492.cif,-78.31621,-78.38073,12,struct_0492_relaxed.cif
struct_0493.cif,-38.917618,-39.00362,6,struct_0493_relaxed.cif
struct_0494.cif,-104.39323,-104.40384,14,struct_0494_relaxed.cif
struct_0495.cif,-69.858795,-70.70055,9,struct_0495_relaxed.cif
struct_0496.cif,-70.04902,-70.28905,10,struct_0496_relaxed.cif
struct_0497.cif,-80.06687,-80.06916,10,struct_0497_relaxed.cif
struct_0498.cif,-80.02843,-80.03724,10,struct_0498_relaxed.cif
struct_0499.cif,-43.724434,-43.870308,6,struct_0499_relaxed.cif
struct_0500.cif,-52.28585,-52.389153,8,struct_0500_relaxed.cif
struct_0501.cif,-120.942314,-120.9967,16,struct_0501_relaxed.cif
struct_0502.cif,-125.61365,-125.68003,16,struct_0502_relaxed.cif
struct_0503.cif,-33.459454,-33.60937,6,struct_0503_relaxed.cif
struct_0504.cif,-52.201607,-52.201996,7,struct_0504_relaxed.cif
struct_0505.cif,-67.22266,-67.50694,12,struct_0505_relaxed.cif
struct_0506.cif,-79.86255,-79.87069,10,struct_0506_relaxed.cif
struct_0507.cif,-69.21756,-69.24274,9,struct_0507_relaxed.cif
struct_0508.cif,-43.71186,-43.79656,6,struct_0508_relaxed.cif
struct_0509.cif,-80.06703,-80.06971,10,struct_0509_relaxed.cif
struct_0510.cif,-41.786957,-41.829185,6,struct_0510_relaxed.cif
struct_0511.cif,-28.029104,-28.042793,4,struct_0511_relaxed.cif
struct_0512.cif,-123.08832,-123.15848,16,struct_0512_relaxed.cif
struct_0513.cif,-74.00312,-74.773094,10,struct_0513_relaxed.cif
struct_0514.cif,-69.63583,-69.662415,9,struct_0514_relaxed.cif
struct_0515.cif,-96.64533,-96.66731,12,struct_0515_relaxed.cif
struct_0516.cif,-92.270905,-92.27673,12,struct_0516_relaxed.cif
struct_0517.cif,-136.90436,-137.02487,18,struct_0517_relaxed.cif
struct_0518.cif,-122.74785,-122.83943,16,struct_0518_relaxed.cif
struct_0519.cif,-57.73756,-57.826828,8,struct_0519_relaxed.cif
struct_0520.cif,-94.69511,-95.24607,13,struct_0520_relaxed.cif
struct_0521.cif,-78.9176,-79.03008,10,struct_0521_relaxed.cif
struct_0522.cif,-78.86912,-78.90651,10,struct_0522_relaxed.cif
struct_0523.cif,-82.78968,-82.809074,11,struct_0523_relaxed.cif
struct_0524.cif,-154.50636,-157.7848,20,struct_0524_relaxed.cif
struct_0525.cif,-118.727325,-118.73855,16,struct_0525_relaxed.cif
struct_0526.cif,-125.81684,-126.11835,16,struct_0526_relaxed.cif
struct_0527.cif,-41.794327,-41.839733,6,struct_0527_relaxed.cif
struct_0528.cif,-28.474876,-28.475933,4,struct_0528_relaxed.cif
struct_0529.cif,-159.76923,-159.78253,20,struct_0529_relaxed.cif
struct_0530.cif,-28.479244,-28.479683,4,struct_0530_relaxed.cif
struct_0531.cif,-88.15308,-88.47741,12,struct_0531_relaxed.cif
struct_0532.cif,-28.477661,-28.477783,4,struct_0532_relaxed.cif
struct_0533.cif,-92.26859,-92.27634,12,struct_0533_relaxed.cif
struct_0534.cif,-134.92664,-135.00912,18,struct_0534_relaxed.cif
struct_0535.cif,-69.2103,-69.23285,9,struct_0535_relaxed.cif
struct_0536.cif,-28.204134,-28.221025,4,struct_0536_relaxed.cif
struct_0537.cif,-56.952953,-56.95593,8,struct_0537_relaxed.cif
struct_0538.cif,-92.27839,-92.281044,12,struct_0538_relaxed.cif
struct_0539.cif,-28.474129,-28.47641,4,struct_0539_relaxed.cif
struct_0540.cif,-28.447374,-28.45283,4,struct_0540_relaxed.cif
struct_0541.cif,-28.44391,-28.444708,4,struct_0541_relaxed.cif
struct_0542.cif,-133.9981,-134.02196,16,struct_0542_relaxed.cif
struct_0543.cif,-69.211586,-69.23676,9,struct_0543_relaxed.cif
struct_0544.cif,-143.55957,-145.42073,18,struct_0544_relaxed.cif
struct_0545.cif,-104.226616,-104.26017,14,struct_0545_relaxed.cif
struct_0546.cif,-80.06464,-80.067795,10,struct_0546_relaxed.cif
struct_0547.cif,-111.016785,-113.76739,16,struct_0547_relaxed.cif
struct_0548.cif,-160.07552,-160.08492,20,struct_0548_relaxed.cif
struct_0549.cif,-158.33672,-158.45137,20,struct_0549_relaxed.cif
struct_0550.cif,-17.396637,-17.396664,3,struct_0550_relaxed.cif
struct_0551.cif,-79.954636,-80.05631,10,struct_0551_relaxed.cif
struct_0552.cif,-42.629093,-42.686092,6,struct_0552_relaxed.cif
struct_0553.cif,-105.72825,-105.854034,16,struct_0553_relaxed.cif
struct_0554.cif,-28.24009,-28.255295,4,struct_0554_relaxed.cif
struct_0555.cif,-58.751892,-58.76557,8,struct_0555_relaxed.cif
struct_0556.cif,-28.443981,-28.446789,4,struct_0556_relaxed.cif
struct_0557.cif,-69.88931,-69.891685,9,struct_0557_relaxed.cif
struct_0558.cif,-79.930145,-79.95531,10,struct_0558_relaxed.cif
struct_0559.cif,-82.82961,-82.90377,12,struct_0559_relaxed.cif
struct_0560.cif,-122.09319,-122.167656,16,struct_0560_relaxed.cif
struct_0561.cif,-50.197403,-50.358475,8,struct_0561_relaxed.cif
struct_0562.cif,-52.19832,-52.198986,7,struct_0562_relaxed.cif
struct_0563.cif,-83.58279,-83.76494,12,struct_0563_relaxed.cif
struct_0564.cif,-95.818726,-96.42298,15,struct_0564_relaxed.cif
struct_0565.cif,-28.476719,-28.478516,4,struct_0565_relaxed.cif
struct_0566.cif,-58.827282,-58.904293,8,struct_0566_relaxed.cif
struct_0567.cif,-58.54577,-58.640057,8,struct_0567_relaxed.cif
struct_0568.cif,-92.27895,-92.28375,12,struct_0568_relaxed.cif
struct_0569.cif,-92.281746,-92.28567,12,struct_0569_relaxed.cif
struct_0570.cif,-38.21266,-38.284893,6,struct_0570_relaxed.cif
struct_0571.cif,-41.803806,-41.846806,6,struct_0571_relaxed.cif
struct_0572.cif,-18.904688,-18.90472,3,struct_0572_relaxed.cif
struct_0573.cif,-59.325127,-59.360348,8,struct_0573_relaxed.cif
struct_0574.cif,-29.659302,-29.659302,4,struct_0574_relaxed.cif
struct_0575.cif,-66.36429,-66.42385,10,struct_0575_relaxed.cif
struct_0576.cif,-80.0281,-80.03647,10,struct_0576_relaxed.cif
struct_0577.cif,-40.03636,-40.038074,5,struct_0577_relaxed.cif
struct_0578.cif,-52.69745,-52.75477,8,struct_0578_relaxed.cif
struct_0579.cif,-56.39353,-56.461678,8,struct_0579_relaxed.cif
struct_0580.cif,-69.575386,-70.77836,9,struct_0580_relaxed.cif
struct_0581.cif,-129.1658,-129.2246,16,struct_0581_relaxed.cif
struct_0582.cif,-53.47444,-53.501255,8,struct_0582_relaxed.cif
struct_0583.cif,-62.655285,-62.94505,8,struct_0583_relaxed.cif
struct_0584.cif,-96.371185,-96.46159,12,struct_0584_relaxed.cif
struct_0585.cif,-80.0328,-80.05315,10,struct_0585_relaxed.cif
struct_0586.cif,-68.667854,-68.71882,9,struct_0586_relaxed.cif
struct_0587.cif,-61.366646,-61.50378,9,struct_0587_relaxed.cif
struct_0588.cif,-28.470465,-28.472435,4,struct_0588_relaxed.cif
struct_0589.cif,-80.06326,-80.066124,10,struct_0589_relaxed.cif
struct_0590.cif,-81.86203,-81.927025,11,struct_0590_relaxed.cif
struct_0591.cif,-28.595905,-28.726635,6,struct_0591_relaxed.cif
struct_0592.cif,-112.63496,-113.01215,16,struct_0592_relaxed.cif
struct_0593.cif,-55.09214,-55.122185,8,struct_0593_relaxed.cif
struct_0594.cif,-83.395996,-83.44844,12,struct_0594_relaxed.cif
struct_0595.cif,-28.464298,-28.466507,4,struct_0595_relaxed.cif
struct_0596.cif,-28.219418,-28.23917,4,struct_0596_relaxed.cif
struct_0597.cif,-92.25423,-92.261734,12,struct_0597_relaxed.cif
struct_0598.cif,-53.465137,-53.498184,8,struct_0598_relaxed.cif
struct_0599.cif,-96.340805,-96.412025,12,struct_0599_relaxed.cif
struct_0600.cif,-28.232468,-28.251858,4,struct_0600_relaxed.cif
struct_0601.cif,-107.94296,-108.09964,14,struct_0601_relaxed.cif
struct_0602.cif,-52.19719,-52.19772,7,struct_0602_relaxed.cif
struct_0603.cif,-63.53673,-63.538467,9,struct_0603_relaxed.cif
struct_0604.cif,-57.846523,-58.07824,8,struct_0604_relaxed.cif
struct_0605.cif,-15.0915,-15.113544,4,struct_0605_relaxed.cif
struct_0606.cif,-53.074696,-53.08439,8,struct_0606_relaxed.cif
struct_0607.cif,-104.166794,-104.19243,14,struct_0607_relaxed.cif
struct_0608.cif,-81.025635,-81.105286,12,struct_0608_relaxed.cif
struct_0609.cif,-92.269356,-92.27639,12,struct_0609_relaxed.cif
struct_0610.cif,-52.199432,-52.19989,7,struct_0610_relaxed.cif
struct_0611.cif,-33.43615,-33.623867,6,struct_0611_relaxed.cif
struct_0612.cif,-134.80011,-135.1375,18,struct_0612_relaxed.cif
struct_0613.cif,-95.800095,-95.96914,12,struct_0613_relaxed.cif
struct_0614.cif,-28.452084,-28.452848,4,struct_0614_relaxed.cif
struct_0615.cif,-40.025845,-40.02642,5,struct_0615_relaxed.cif
struct_0616.cif,-88.79093,-88.87843,12,struct_0616_relaxed.cif
struct_0617.cif,-43.753216,-43.866158,6,struct_0617_relaxed.cif
struct_0618.cif,-116.4548,-116.51917,15,struct_0618_relaxed.cif
struct_0619.cif,-18.82172,-21.1517,4,struct_0619_relaxed.cif
struct_0620.cif,-28.481184,-28.483263,4,struct_0620_relaxed.cif
struct_0621.cif,-92.28154,-92.28538,12,struct_0621_relaxed.cif
struct_0622.cif,-123.33413,-123.375084,16,struct_0622_relaxed.cif
struct_0623.cif,-85.37545,-89.49045,12,struct_0623_relaxed.cif
struct_0624.cif,-28.481396,-28.481617,4,struct_0624_relaxed.cif
struct_0625.cif,-17.046692,-17.063816,3,struct_0625_relaxed.cif
struct_0626.cif,-57.381645,-57.39074,8,struct_0626_relaxed.cif
struct_0627.cif,-106.31914,-106.44118,16,struct_0627_relaxed.cif
struct_0628.cif,-92.269936,-92.27743,12,struct_0628_relaxed.cif
struct_0629.cif,-52.20083,-52.20163,7,struct_0629_relaxed.cif
struct_0630.cif,-28.22215,-28.23854,4,struct_0630_relaxed.cif
struct_0631.cif,-59.36976,-59.3698,8,struct_0631_relaxed.cif
struct_0632.cif,-92.28078,-92.284615,12,struct_0632_relaxed.cif
struct_0633.cif,-159.76952,-159.78171,20,struct_0633_relaxed.cif
struct_0634.cif,-63.536182,-63.538246,9,struct_0634_relaxed.cif
struct_0635.cif,-29.650494,-29.65057,4,struct_0635_relaxed.cif
struct_0636.cif,-58.753147,-58.771725,8,struct_0636_relaxed.cif
struct_0637.cif,-42.809414,-43.64498,6,struct_0637_relaxed.cif
struct_0638.cif,-75.86606,-75.96834,10,struct_0638_relaxed.cif
struct_0639.cif,-163.95288,-164.02344,20,struct_0639_relaxed.cif
struct_0640.cif,-109.78004,-109.866554,14,struct_0640_relaxed.cif
struct_0641.cif,-79.83366,-79.84711,10,struct_0641_relaxed.cif
struct_0642.cif,-61.101166,-61.2178,9,struct_0642_relaxed.cif
struct_0643.cif,-58.30431,-58.43788,8,struct_0643_relaxed.cif
struct_0644.cif,-56.708622,-56.7092,8,struct_0644_relaxed.cif
struct_0645.cif,-52.28579,-52.389214,8,struct_0645_relaxed.cif
struct_0646.cif,-29.651447,-29.651447,4,struct_0646_relaxed.cif
struct_0647.cif,-110.991,-111.25277,16,struct_0647_relaxed.cif
struct_0648.cif,-28.475883,-28.478617,4,struct_0648_relaxed.cif
struct_0649.cif,-28.476522,-28.477552,4,struct_0649_relaxed.cif
struct_0650.cif,-59.013306,-59.013756,8,struct_0650_relaxed.cif
struct_0651.cif,-92.26551,-92.27102,12,struct_0651_relaxed.cif
struct_0652.cif,-19.203953,-19.285961,4,struct_0652_relaxed.cif
struct_0653.cif,-81.985565,-82.00968,11,struct_0653_relaxed.cif
struct_0654.cif,-28.478817,-28.479515,4,struct_0654_relaxed.cif
struct_0655.cif,-158.3029,-158.5477,20,struct_0655_relaxed.cif
struct_0656.cif,-28.479164,-28.482563,4,struct_0656_relaxed.cif
struct_0657.cif,-52.199173,-52.19952,7,struct_0657_relaxed.cif
struct_0658.cif,-41.809418,-41.850372,6,struct_0658_relaxed.cif
struct_0659.cif,-40.033115,-40.033775,5,struct_0659_relaxed.cif
struct_0660.cif,-80.020546,-80.04457,10,struct_0660_relaxed.cif
struct_0661.cif,-94.44398,-95.10917,13,struct_0661_relaxed.cif
struct_0662.cif,-58.462704,-58.542595,8,struct_0662_relaxed.cif
struct_0663.cif,-104.046745,-104.063484,14,struct_0663_relaxed.cif
struct_0664.cif,-66.52146,-66.53608,10,struct_0664_relaxed.cif
struct_0665.cif,-60.28429,-60.800056,9,struct_0665_relaxed.cif
struct_0666.cif,-15.095371,-15.119776,4,struct_0666_relaxed.cif
struct_0667.cif,-88.79347,-88.88077,12,struct_0667_relaxed.cif
struct_0668.cif,-53.077374,-53.123573,8,struct_0668_relaxed.cif
struct_0669.cif,-91.56542,-91.568565,12,struct_0669_relaxed.cif
struct_0670.cif,-82.32087,-82.55027,12,struct_0670_relaxed.cif
struct_0671.cif,-29.670612,-29.670773,4,struct_0671_relaxed.cif
struct_0672.cif,-79.86405,-79.87503,10,struct_0672_relaxed.cif
struct_0673.cif,-55.035458,-55.101562,9,struct_0673_relaxed.cif
struct_0674.cif,-63.536415,-63.5384,9,struct_0674_relaxed.cif
struct_0675.cif,-28.485788,-28.489248,4,struct_0675_relaxed.cif
struct_0676.cif,-69.59821,-69.64015,9,struct_0676_relaxed.cif
struct_0677.cif,-82.913445,-82.98517,12,struct_0677_relaxed.cif
struct_0678.cif,-29.673468,-29.673893,4,struct_0678_relaxed.cif
struct_0679.cif,-80.0245,-80.04026,10,struct_0679_relaxed.cif
struct_0680.cif,-149.82904,-150.09709,20,struct_0680_relaxed.cif
struct_0681.cif,-28.452223,-28.454826,4,struct_0681_relaxed.cif
struct_0682.cif,-52.193855,-52.19494,7,struct_0682_relaxed.cif
struct_0683.cif,-70.27009,-70.91788,9,struct_0683_relaxed.cif
struct_0684.cif,-28.227465,-28.24715,4,struct_0684_relaxed.cif
struct_0685.cif,-83.911156,-83.964264,12,struct_0685_relaxed.cif
struct_0686.cif,-58.661606,-58.811558,8,struct_0686_relaxed.cif
struct_0687.cif,-80.024826,-80.03236,10,struct_0687_relaxed.cif
struct_0688.cif,-28.478987,-28.47984,4,struct_0688_relaxed.cif
struct_0689.cif,-96.636154,-96.69475,12,struct_0689_relaxed.cif
struct_0690.cif,-40.030815,-40.031235,5,struct_0690_relaxed.cif
struct_0691.cif,-28.479622,-28.479656,4,struct_0691_relaxed.cif
struct_0692.cif,-91.56205,-91.607155,12,struct_0692_relaxed.cif
struct_0693.cif,-42.762245,-43.637257,6,struct_0693_relaxed.cif
struct_0694.cif,-90.3709,-90.429214,12,struct_0694_relaxed.cif
struct_0695.cif,-45.91858,-46.181637,8,struct_0695_relaxed.cif
struct_0696.cif,-80.029434,-80.03662,10,struct_0696_relaxed.cif
struct_0697.cif,-69.21032,-69.22912,9,struct_0697_relaxed.cif
struct_0698.cif,-119.60786,-119.72993,16,struct_0698_relaxed.cif
struct_0699.cif,-81.87339,-81.93329,11,struct_0699_relaxed.cif
struct_0700.cif,-81.98931,-82.00682,11,struct_0700_relaxed.cif
struct_0701.cif,-28.482216,-28.485245,4,struct_0701_relaxed.cif
struct_0702.cif,-27.854454,-27.87912,4,struct_0702_relaxed.cif
struct_0703.cif,-79.191605,-79.20474,10,struct_0703_relaxed.cif
struct_0704.cif,-40.03629,-40.03782,5,struct_0704_relaxed.cif
struct_0705.cif,-58.820408,-58.89171,8,struct_0705_relaxed.cif
struct_0706.cif,-33.37394,-33.651802,6,struct_0706_relaxed.cif
struct_0707.cif,-92.27369,-92.278114,12,struct_0707_relaxed.cif
struct_0708.cif,-41.8035,-41.846367,6,struct_0708_relaxed.cif
struct_0709.cif,-150.73486,-151.01128,20,struct_0709_relaxed.cif
struct_0710.cif,-28.225542,-28.249105,4,struct_0710_relaxed.cif
struct_0711.cif,-96.10048,-96.25403,12,struct_0711_relaxed.cif
struct_0712.cif,-40.0368,-40.037804,5,struct_0712_relaxed.cif
struct_0713.cif,-81.97133,-82.003075,11,struct_0713_relaxed.cif
struct_0714.cif,-28.471624,-28.472397,4,struct_0714_relaxed.cif
struct_0715.cif,-28.235245,-28.250309,4,struct_0715_relaxed.cif
struct_0716.cif,-96.86798,-96.95806,12,struct_0716_relaxed.cif
struct_0717.cif,-85.661964,-85.97622,12,struct_0717_relaxed.cif
struct_0718.cif,-79.186966,-79.20164,10,struct_0718_relaxed.cif
struct_0719.cif,-43.678196,-43.78273,6,struct_0719_relaxed.cif
struct_0720.cif,-41.730568,-41.743763,6,struct_0720_relaxed.cif
struct_0721.cif,-105.42056,-105.560745,16,struct_0721_relaxed.cif
struct_0722.cif,-28.480392,-28.486885,4,struct_0722_relaxed.cif
struct_0723.cif,-28.465286,-28.47292,4,struct_0723_relaxed.cif
struct_0724.cif,-113.64656,-113.728905,14,struct_0724_relaxed.cif
struct_0725.cif,-58.761543,-58.779816,8,struct_0725_relaxed.cif
struct_0726.cif,-58.77187,-58.781025,8,struct_0726_relaxed.cif
struct_0727.cif,-78.90796,-79.02097,10,struct_0727_relaxed.cif
struct_0728.cif,-56.420403,-56.48404,8,struct_0728_relaxed.cif
struct_0729.cif,-160.06734,-160.08122,20,struct_0729_relaxed.cif
struct_0730.cif,-28.468838,-28.473839,4,struct_0730_relaxed.cif
struct_0731.cif,-58.824554,-58.89562,8,struct_0731_relaxed.cif
struct_0732.cif,-96.89509,-96.94011,12,struct_0732_relaxed.cif
struct_0733.cif,-113.550575,-113.80733,16,struct_0733_relaxed.cif
struct_0734.cif,-41.801605,-41.843735,6,struct_0734_relaxed.cif
struct_0735.cif,-81.9892,-82.0137,11,struct_0735_relaxed.cif
struct_0736.cif,-104.08998,-104.1163,14,struct_0736_relaxed.cif
struct_0737.cif,-28.20726,-28.2307,4,struct_0737_relaxed.cif
struct_0738.cif,-91.57137,-91.57672,12,struct_0738_relaxed.cif
struct_0739.cif,-78.89877,-79.519196,14,struct_0739_relaxed.cif
struct_0740.cif,-69.5754,-69.76513,10,struct_0740_relaxed.cif
struct_0741.cif,-159.93352,-160.00009,20,struct_0741_relaxed.cif
struct_0742.cif,-88.77214,-88.864235,12,struct_0742_relaxed.cif
struct_0743.cif,-41.80667,-41.84354,6,struct_0743_relaxed.cif
struct_0744.cif,-69.198746,-69.22736,9,struct_0744_relaxed.cif
struct_0745.cif,-78.9326,-78.93401,10,struct_0745_relaxed.cif
struct_0746.cif,-52.19337,-52.194572,7,struct_0746_relaxed.cif
struct_0747.cif,-41.538357,-41.705658,6,struct_0747_relaxed.cif
struct_0748.cif,-78.901115,-79.06916,10,struct_0748_relaxed.cif
struct_0749.cif,-93.058014,-93.13996,13,struct_0749_relaxed.cif
struct_0750.cif,-58.31839,-58.465767,8,struct_0750_relaxed.cif
struct_0751.cif,-56.447502,-56.92572,8,struct_0751_relaxed.cif
struct_0752.cif,-55.59462,-56.08072,8,struct_0752_relaxed.cif
struct_0753.cif,-83.896706,-83.95327,12,struct_0753_relaxed.cif
struct_0754.cif,-72.07668,-72.5668,12,struct_0754_relaxed.cif
struct_0755.cif,-85.749115,-85.976814,14,struct_0755_relaxed.cif
struct_0756.cif,-92.26793,-92.27186,12,struct_0756_relaxed.cif
struct_0757.cif,-52.19801,-52.199078,7,struct_0757_relaxed.cif
struct_0758.cif,-126.38517,-126.42565,18,struct_0758_relaxed.cif
struct_0759.cif,-160.04004,-160.06837,20,struct_0759_relaxed.cif
struct_0760.cif,-40.030712,-40.03253,5,struct_0760_relaxed.cif
struct_0761.cif,-41.796062,-41.839153,6,struct_0761_relaxed.cif
struct_0762.cif,-66.697716,-66.72854,8,struct_0762_relaxed.cif
struct_0763.cif,-120.52302,-120.6959,16,struct_0763_relaxed.cif
struct_0764.cif,-80.01939,-80.03652,10,struct_0764_relaxed.cif
struct_0765.cif,-28.473236,-28.479156,4,struct_0765_relaxed.cif
struct_0766.cif,-28.23656,-28.250828,4,struct_0766_relaxed.cif
struct_0767.cif,-28.478725,-28.482475,4,struct_0767_relaxed.cif
struct_0768.cif,-62.99515,-63.016457,9,struct_0768_relaxed.cif
struct_0769.cif,-79.89167,-79.91527,10,struct_0769_relaxed.cif
struct_0770.cif,-38.893837,-43.48565,6,struct_0770_relaxed.cif
struct_0771.cif,-41.797398,-41.836983,6,struct_0771_relaxed.cif
struct_0772.cif,-123.80153,-128.10437,18,struct_0772_relaxed.cif
struct_0773.cif,-68.32788,-68.43791,9,struct_0773_relaxed.cif
struct_0774.cif,-67.1739,-68.22257,10,struct_0774_relaxed.cif
struct_0775.cif,-34.034687,-34.980995,8,struct_0775_relaxed.cif
struct_0776.cif,-83.47676,-83.53533,12,struct_0776_relaxed.cif
struct_0777.cif,-85.01977,-85.04461,12,struct_0777_relaxed.cif
struct_0778.cif,-28.475666,-28.477869,4,struct_0778_relaxed.cif
struct_0779.cif,-150.55388,-150.60164,20,struct_0779_relaxed.cif
struct_0780.cif,-83.71051,-84.17198,14,struct_0780_relaxed.cif
struct_0781.cif,-91.5617,-91.61024,12,struct_0781_relaxed.cif
struct_0782.cif,-28.453386,-28.454763,4,struct_0782_relaxed.cif
struct_0783.cif,-121.98147,-122.01283,16,struct_0783_relaxed.cif
struct_0784.cif,-92.28117,-92.28413,12,struct_0784_relaxed.cif
struct_0785.cif,-41.604042,-41.726765,6,struct_0785_relaxed.cif
struct_0786.cif,-93.34825,-93.409325,13,struct_0786_relaxed.cif
struct_0787.cif,-56.81373,-56.910778,8,struct_0787_relaxed.cif
struct_0788.cif,-28.277279,-28.284483,4,struct_0788_relaxed.cif
struct_0789.cif,-37.814457,-37.919292,6,struct_0789_relaxed.cif
struct_0790.cif,-40.033474,-40.034683,5,struct_0790_relaxed.cif
struct_0791.cif,-41.640022,-41.719624,7,struct_0791_relaxed.cif
struct_0792.cif,-46.35431,-46.377235,6,struct_0792_relaxed.cif
struct_0793.cif,-52.19814,-52.19969,7,struct_0793_relaxed.cif
struct_0794.cif,-67.27268,-67.3631,9,struct_0794_relaxed.cif
struct_0795.cif,-66.630714,-66.642075,8,struct_0795_relaxed.cif
struct_0796.cif,-51.93999,-54.225773,8,struct_0796_relaxed.cif
struct_0797.cif,-28.231037,-28.24577,4,struct_0797_relaxed.cif
struct_0798.cif,-92.27912,-92.284164,12,struct_0798_relaxed.cif
struct_0799.cif,-28.481655,-28.484411,4,struct_0799_relaxed.cif
struct_0800.cif,-43.65023,-43.756004,6,struct_0800_relaxed.cif
